,news,link
0,Hatay'da 5.1 büyüklüğünde artçı deprem,news.google.com/./articles/CBMiWWh0dHBzOi8vd3d3LmhhYmVydHVyay5jb20vc29uLWRha2lrYS1oYWJlcmktaGF0YXktZGEtNTEtYnV5dWtsdWd1bmRlLWFydGNpLWRlcHJlbS0zNTY2MzEx0gFbaHR0cHM6Ly9tLmhhYmVydHVyay5jb20vc29uLWRha2lrYS1oYWJlcmktaGF0YXktZGEtNTEtYnV5dWtsdWd1bmRlLWFydGNpLWRlcHJlbS0zNTY2MzExLWFtcA?hl=tr&gl=TR&ceid=TR%3Atr
1,"SON DAKİKA: Hatay'da 5,1 büyüklüğünde deprem | Son depremler",news.google.com/./articles/CBMibmh0dHBzOi8vd3d3Lm50di5jb20udHIvdHVya2l5ZS9zb24tZGFraWthLWhhdGF5ZGEtNS0xLWJ1eXVrbHVndW5kZS1kZXByZW0tc29uLWRlcHJlbWxlcixLcFRmekFqR29VMmduMkZYako0U2lR0gFyaHR0cHM6Ly93d3cubnR2LmNvbS50ci9hbXAvdHVya2l5ZS9zb24tZGFraWthLWhhdGF5ZGEtNS0xLWJ1eXVrbHVndW5kZS1kZXByZW0tc29uLWRlcHJlbWxlcixLcFRmekFqR29VMmduMkZYako0U2lR?hl=tr&gl=TR&ceid=TR%3Atr
2,Son dakika: Hatay'ın Arsuz ilçesinde 5.1 büyüklüğünde artçı deprem meydana geldi,news.google.com/./articles/CBMiV2h0dHBzOi8vd3d3LnNvbmRha2lrYS5jb20vaGFiZXIvaGFiZXItc29uLWRha2lrYS1oYXRheS1pbi1hcnN1ei1pbGNlc2luZGUtNS0xLTE1NjQwNDg3L9IBVWh0dHBzOi8vd3d3LnNvbmRha2lrYS5jb20vYW1wL2hhYmVyLXNvbi1kYWtpa2EtaGF0YXktaW4tYXJzdXotaWxjZXNpbmRlLTUtMS0xNTY0MDQ4Ny8?hl=tr&gl=TR&ceid=TR%3Atr
3,SON DAKİKA HABERİ: Deprem sonrası hasar tespit çalışması: 56 bin 80 bina yıkık ve ağır hasarlı,news.google.com/./articles/CBMikgFodHRwczovL3d3dy5udHYuY29tLnRyL3R1cmtpeWUvc29uLWRha2lrYS1oYWJlcmktZGVwcmVtLXNvbnJhc2ktaGFzYXItdGVzcGl0LWNhbGlzbWFzaS01Ni1iaW4tODAtYmluYS15aWtpay12ZS1hZ2lyLWhhc2FybGksU3hLQjRaemJfVWFOcWV3Tm1TMnN0QdIBlgFodHRwczovL3d3dy5udHYuY29tLnRyL2FtcC90dXJraXllL3Nvbi1kYWtpa2EtaGFiZXJpLWRlcHJlbS1zb25yYXNpLWhhc2FyLXRlc3BpdC1jYWxpc21hc2ktNTYtYmluLTgwLWJpbmEteWlraWstdmUtYWdpci1oYXNhcmxpLFN4S0I0WnpiX1VhTnFld05tUzJzdEE?hl=tr&gl=TR&ceid=TR%3Atr
4,"Bakan Kurum’dan deprem açıklaması: Yıkık, acil yıkılacak ve ağır hasarlı bina sayısı belli o",news.google.com/./articles/CBMiigFodHRwczovL3d3dy5zb3pjdS5jb20udHIvMjAyMy9ndW5kZW0vYmFrYW4ta3VydW1kYW4tZGVwcmVtLWFjaWtsYW1hc2kteWlraWstYWNpbC15aWtpbGFjYWstdmUtYWdpci1oYXNhcmxpLWJpbmEtc2F5aXNpLWJlbGxpLW9sZHUtNzU5NDAzMy_SAY4BaHR0cHM6Ly93d3cuc296Y3UuY29tLnRyLzIwMjMvZ3VuZGVtL2Jha2FuLWt1cnVtZGFuLWRlcHJlbS1hY2lrbGFtYXNpLXlpa2lrLWFjaWwteWlraWxhY2FrLXZlLWFnaXItaGFzYXJsaS1iaW5hLXNheWlzaS1iZWxsaS1vbGR1LTc1OTQwMzMvYW1wLw?hl=tr&gl=TR&ceid=TR%3Atr
5,Son dakika haberi: İşte deprem bölgesinde acil yıkılması gereken bina sayısı!,news.google.com/./articles/CBMicGh0dHBzOi8vd3d3LmhhYmVydHVyay5jb20vc29uLWRha2lrYS1oYWJlcmxlcmktaXN0ZS1kZXByZW0tYm9sZ2VzaW5kZS1hY2lsLXlpa2lsbWFzaS1nZXJla2VuLWJpbmEtc2F5aXNpLTM1NjYwNzLSAXJodHRwczovL20uaGFiZXJ0dXJrLmNvbS9zb24tZGFraWthLWhhYmVybGVyaS1pc3RlLWRlcHJlbS1ib2xnZXNpbmRlLWFjaWwteWlraWxtYXNpLWdlcmVrZW4tYmluYS1zYXlpc2ktMzU2NjA3Mi1hbXA?hl=tr&gl=TR&ceid=TR%3Atr
6,"SON DAKİKA DEPREM || 16 Şubat az önce deprem mi oldu, nerede deprem oldu? Kandilli/AFAD son depremler",news.google.com/./articles/CBMilgFodHRwczovL3d3dy5taWxsaXlldC5jb20udHIvZ2FsZXJpL2RlcHJlbS1rYW5kaWxsaS1zb24tZGFraWthLTIwMjMtYXotb25jZS1kZXByZW0tbWktb2xkdS1uZXJlZGUtZGVwcmVtLW9sZHUta2FuZGlsbGktYWZhZC1zb24tZGVwcmVtbGVyLWFubGlrLTY5MDQ0NjnSAZoBaHR0cHM6Ly93d3cubWlsbGl5ZXQuY29tLnRyL2FtcC9nYWxlcmkvZGVwcmVtLWthbmRpbGxpLXNvbi1kYWtpa2EtMjAyMy1hei1vbmNlLWRlcHJlbS1taS1vbGR1LW5lcmVkZS1kZXByZW0tb2xkdS1rYW5kaWxsaS1hZmFkLXNvbi1kZXByZW1sZXItYW5saWstNjkwNDQ2OQ?hl=tr&gl=TR&ceid=TR%3Atr
7,"SON DEPREMLER | Bugünkü AFAD-Kandilli Rasathanesi son dakika deprem listesi ile az önce deprem mi oldu, en...",news.google.com/./articles/CBMiugFodHRwczovL3d3dy5oYWJlcnR1cmsuY29tL3Nvbi1kZXByZW1sZXItZ3VuY2VsLTE2LXN1YmF0LTIwMjMtYWZhZC1rYW5kaWxsaS1yYXNhdGhhbmVzaS1zb24tZGFraWthLWRlcHJlbS1saXN0ZXNpLWlsZS1hei1vbmNlLWRlcHJlbS1taS1vbGR1LW5lcmVkZS12ZS1rYWMtYnV5dWtsdWd1bmRlLWRlcHJlbS1vbGR1LTM1NjYxMzHSAbwBaHR0cHM6Ly9tLmhhYmVydHVyay5jb20vc29uLWRlcHJlbWxlci1ndW5jZWwtMTYtc3ViYXQtMjAyMy1hZmFkLWthbmRpbGxpLXJhc2F0aGFuZXNpLXNvbi1kYWtpa2EtZGVwcmVtLWxpc3Rlc2ktaWxlLWF6LW9uY2UtZGVwcmVtLW1pLW9sZHUtbmVyZWRlLXZlLWthYy1idXl1a2x1Z3VuZGUtZGVwcmVtLW9sZHUtMzU2NjEzMS1hbXA?hl=tr&gl=TR&ceid=TR%3Atr
8,"SON DAKİKA: Hatay deprem ile sallandı! Mersin, Antalya ve Adana’da da hissedildi! 16 Şubat AFAD ve Kandilli son depremler listesi",news.google.com/./articles/CBMisQFodHRwczovL3d3dy5zYWJhaC5jb20udHIvZ2FsZXJpL3lhc2FtL3Nvbi1kYWtpa2EtaGF0YXlkYS1kZXByZW0ta2FuZGlsbGktZHV5dXJkdS1oYXRheWRhLWRlcHJlbS1taS1vbGR1LW5lcmVkZS1rYWMtYnV5dWtsdWd1bmRlLTE2LXN1YmF0LTIwMjMtYWZhZC1rYW5kaWxsaS1zb24tZGVwcmVtbGVyLWxpc3Rlc2nSAbMBaHR0cHM6Ly9tLnNhYmFoLmNvbS50ci9nYWxlcmkveWFzYW0vc29uLWRha2lrYS1oYXRheWRhLWRlcHJlbS1rYW5kaWxsaS1kdXl1cmR1LWhhdGF5ZGEtZGVwcmVtLW1pLW9sZHUtbmVyZWRlLWthYy1idXl1a2x1Z3VuZGUtMTYtc3ViYXQtMjAyMy1hZmFkLWthbmRpbGxpLXNvbi1kZXByZW1sZXItbGlzdGVzaS9hbXA?hl=tr&gl=TR&ceid=TR%3Atr
9,Malatya'da 4.7 büyüklüğünde deprem (Son depremler) - Son dakika haberleri – Sözcü,news.google.com/./articles/CBMiXWh0dHBzOi8vd3d3LnNvemN1LmNvbS50ci8yMDIzL2d1bmRlbS9tYWxhdHlhZGEtNC03LWJ1eXVrbHVndW5kZS1kZXByZW0tc29uLWRlcHJlbWxlci03NTkzOTczL9IBAA?hl=tr&gl=TR&ceid=TR%3Atr
10,Son dakika! Malatya'da 4.7 büyüklüğünde deprem,news.google.com/./articles/CBMiWGh0dHBzOi8vd3d3Lmh1cnJpeWV0LmNvbS50ci9ndW5kZW0vc29uLWRha2lrYS1tYWxhdHlhZGEtNC03LWJ1eXVrbHVndW5kZS1kZXByZW0tNDIyMjA5NjXSAVxodHRwczovL3d3dy5odXJyaXlldC5jb20udHIvYW1wL2d1bmRlbS9zb24tZGFraWthLW1hbGF0eWFkYS00LTctYnV5dWtsdWd1bmRlLWRlcHJlbS00MjIyMDk2NQ?hl=tr&gl=TR&ceid=TR%3Atr
11,Malatya'da deprem,news.google.com/./articles/CBMiN2h0dHBzOi8vaGFsa3R2LmNvbS50ci9ndW5kZW0vbWFsYXR5YWRhLWRlcHJlbS01LTcxOTQ5OGjSAQA?hl=tr&gl=TR&ceid=TR%3Atr
12,"10 BİN TL DEPREM YARDIMI NASIL alınır 2023, başvuru nasıl yapılır? || 10 bin lira deprem yardımı kimlere verilecek? 10 bin TL yardım parası ne zaman yatacak?",news.google.com/./articles/CBMizAFodHRwczovL3d3dy5taWxsaXlldC5jb20udHIvZ2FsZXJpLzEwLWJpbi10bC1kZXByZW0teWFyZGltaS1uYXNpbC1hbGluaXItbmUtemFtYW4teWF0YWNhay0xMC1iaW4tdGwtZGVwcmVtLXlhcmRpbWkta2ltbGVyZS12ZXJpbGVjZWstZGVwcmVtemVkZWxlci0xMC1iaW4tdGwtZGVwcmVtLXlhcmRpbS1iYXN2dXJ1c3VudS1uYXNpbC15YXBhY2FrLTY5MDM0MDHSAdABaHR0cHM6Ly93d3cubWlsbGl5ZXQuY29tLnRyL2FtcC9nYWxlcmkvMTAtYmluLXRsLWRlcHJlbS15YXJkaW1pLW5hc2lsLWFsaW5pci1uZS16YW1hbi15YXRhY2FrLTEwLWJpbi10bC1kZXByZW0teWFyZGltaS1raW1sZXJlLXZlcmlsZWNlay1kZXByZW16ZWRlbGVyLTEwLWJpbi10bC1kZXByZW0teWFyZGltLWJhc3Z1cnVzdW51LW5hc2lsLXlhcGFjYWstNjkwMzQwMQ?hl=tr&gl=TR&ceid=TR%3Atr
13,SON DAKİKA: 10 bin TL yardım ödemeleri başladı! AFAD 10.000 TL destek kimlere verilecek? e-Devlet başvurusu olacak mı? - Son Dakika 10 Bin TL Yardım Başvuru e-Devlet Haberleri,news.google.com/./articles/CBMia2h0dHBzOi8vd3d3LnNhYmFoLmNvbS50ci9nYWxlcmkvZWtvbm9taS9zb24tZGFraWthLWFmYWQtYWNpa2xhZGktMTAtYmluLXRsLWRlcHJlbS15YXJkaW1pLW9kZW1lbGVyaS1iYXNsYWRp0gFtaHR0cHM6Ly9tLnNhYmFoLmNvbS50ci9nYWxlcmkvZWtvbm9taS9zb24tZGFraWthLWFmYWQtYWNpa2xhZGktMTAtYmluLXRsLWRlcHJlbS15YXJkaW1pLW9kZW1lbGVyaS1iYXNsYWRpL2FtcA?hl=tr&gl=TR&ceid=TR%3Atr
14,10 bin TL deprem yardımı başladı! Kısa çalışma ödeneği için Cumhurbaşkanlığı kararı bekleniyor! 4 bin liraya kadar...,news.google.com/./articles/CBMifWh0dHBzOi8vZmluYW5zLm15bmV0LmNvbS9oYWJlci9kZXRheS9la29ub21pL3Nvbi1kYWtpa2EtZXJkb2dhbi1kdXl1cm11c3R1LTEwLWJpbi10bC1kZXByZW0teWFyZGltaS1vZGVtZWxlcmktYmFzbGFkaS80NjEwMTkv0gFwaHR0cHM6Ly93d3cubXluZXQuY29tL2FtcC9zb24tZGFraWthLWVyZG9nYW4tZHV5dXJtdXN0dS0xMC1iaW4tdGwtZGVwcmVtLXlhcmRpbWktb2RlbWVsZXJpLWJhc2xhZGktZmluYW5zLTQ2MTAxOQ?hl=tr&gl=TR&ceid=TR%3Atr
15,Hatay açıklarında 5.1 büyüklüğünde deprem (Son depremler),news.google.com/./articles/CBMiZWh0dHBzOi8vd3d3LnNvemN1LmNvbS50ci8yMDIzL2d1bmRlbS9oYXRheS1hY2lrbGFyaW5kYS01LTEtYnV5dWtsdWd1bmRlLWRlcHJlbS1zb24tZGVwcmVtbGVyLTc1OTQyMjIv0gFpaHR0cHM6Ly93d3cuc296Y3UuY29tLnRyLzIwMjMvZ3VuZGVtL2hhdGF5LWFjaWtsYXJpbmRhLTUtMS1idXl1a2x1Z3VuZGUtZGVwcmVtLXNvbi1kZXByZW1sZXItNzU5NDIyMi9hbXAv?hl=tr&gl=TR&ceid=TR%3Atr
16,Arsuz açıklarında deprem: 5.1,news.google.com/./articles/CBMiSGh0dHBzOi8vd3d3LmdhemV0ZWR1dmFyLmNvbS50ci9hcnN1ei1hY2lrbGFyaW5kYS1kZXByZW0tNTEtaGFiZXItMTYwNDA2NtIBTGh0dHBzOi8vd3d3LmdhemV0ZWR1dmFyLmNvbS50ci9hbXAvYXJzdXotYWNpa2xhcmluZGEtZGVwcmVtLTUxLWhhYmVyLTE2MDQwNjY?hl=tr&gl=TR&ceid=TR%3Atr
17,ABD’de deprem korkusu: ‘Türkiye’dekinin aynısı olabilir’,news.google.com/./articles/CBMiYGh0dHBzOi8vd3d3LnNvemN1LmNvbS50ci8yMDIzL2R1bnlhL2FiZGRlLWRlcHJlbS1rb3JrdXN1LXR1cmtpeWVkZWtpbmluLWF5bmlzaS1vbGFiaWxpci03NTkzNzk2L9IBZGh0dHBzOi8vd3d3LnNvemN1LmNvbS50ci8yMDIzL2R1bnlhL2FiZGRlLWRlcHJlbS1rb3JrdXN1LXR1cmtpeWVkZWtpbmluLWF5bmlzaS1vbGFiaWxpci03NTkzNzk2L2FtcC8?hl=tr&gl=TR&ceid=TR%3Atr
18,DEPREM SON DAKİKA: Kahramanmaraş deprem ölü sayısı açıklandı! AFAD açıklaması ile depremde vefat sayısı kaç oldu?,news.google.com/./articles/CBMihwFodHRwczovL3d3dy5zYWJhaC5jb20udHIvZ2FsZXJpL3lhc2FtL2RlcHJlbS1zb24tZGFraWthLWthaHJhbWFubWFyYXMtZGVwcmVtLW9sdS1zYXlpc2ktYWNpa2xhbmRpLWRlcHJlbS12ZWZhdC1zYXlpc2kta2FjLWthYy1raXNpLW9sZHXSAYkBaHR0cHM6Ly9tLnNhYmFoLmNvbS50ci9nYWxlcmkveWFzYW0vZGVwcmVtLXNvbi1kYWtpa2Eta2FocmFtYW5tYXJhcy1kZXByZW0tb2x1LXNheWlzaS1hY2lrbGFuZGktZGVwcmVtLXZlZmF0LXNheWlzaS1rYWMta2FjLWtpc2ktb2xkdS9hbXA?hl=tr&gl=TR&ceid=TR%3Atr
19,Bakan Vahit Kirişci açıklama yaparken deprem oldu,news.google.com/./articles/CBMiX2h0dHBzOi8vd3d3LmN1bWh1cml5ZXQuY29tLnRyL3R1cmtpeWUvYmFrYW4tdmFoaXQta2lyaXNjaS1hY2lrbGFtYS15YXBhcmtlbi1kZXByZW0tb2xkdS0yMDUyNDc50gFjaHR0cHM6Ly93d3cuY3VtaHVyaXlldC5jb20udHIvYW1wL3R1cmtpeWUvYmFrYW4tdmFoaXQta2lyaXNjaS1hY2lrbGFtYS15YXBhcmtlbi1kZXByZW0tb2xkdS0yMDUyNDc5?hl=tr&gl=TR&ceid=TR%3Atr
20,Deprem şiddeti skalası 12'ye kadar.... Maraş 11'i gördü,news.google.com/./articles/CBMiX2h0dHBzOi8vd3d3Lm1lbXVybGFyLm5ldC9oYWJlci8xMDU2MDgxL2RlcHJlbS1zaWRkZXRpLXNrYWxhc2ktMTIteWUta2FkYXItbWFyYXMtMTEtaS1nb3JkdS5odG1s0gFlaHR0cHM6Ly93d3cubWVtdXJsYXIubmV0L2hhYmVyLzEwNTYwODEvZGVwcmVtLXNpZGRldGktc2thbGFzaS0xMi15ZS1rYWRhci1tYXJhcy0xMS1pLWdvcmR1Lmh0bWw_YW1wPTE?hl=tr&gl=TR&ceid=TR%3Atr
21,Hatay'da 5.1 büyüklüğünde deprem,news.google.com/./articles/CBMiOmh0dHBzOi8vaGFsa3R2LmNvbS50ci9ndW5kZW0vaGF0YXlkYS01LTFsaWstZGVwcmVtLTcxOTUyOGjSAUZodHRwczovL2hhbGt0di5jb20udHIvc2VydmljZS9hbXAvZ3VuZGVtL2hhdGF5ZGEtNS0xbGlrLWRlcHJlbS03MTk1Mjho?hl=tr&gl=TR&ceid=TR%3Atr
22,"DEPREM SON DAKİKA ÖLÜ VE YARALI SAYISI | Kahramanmaraş depreminde kaç kişi öldü, kaç kişi yaralandı ve kaç...",news.google.com/./articles/CBMiogFodHRwczovL3d3dy5oYWJlcnR1cmsuY29tL2RlcHJlbS1zb24tZGFraWthLW9sdS12ZS15YXJhbGktc2F5aXNpLTE2LXN1YmF0LTIwMjMta2FocmFtYW5tYXJhcy1kZXByZW1pbmRlLWthYy1raXNpLW9sZHUta2FjLWtpc2kteWFyYWxhbmRpLXZlLWthYy1iaW5hLWNva3R1LTM1NjYwNzTSAaQBaHR0cHM6Ly9tLmhhYmVydHVyay5jb20vZGVwcmVtLXNvbi1kYWtpa2Etb2x1LXZlLXlhcmFsaS1zYXlpc2ktMTYtc3ViYXQtMjAyMy1rYWhyYW1hbm1hcmFzLWRlcHJlbWluZGUta2FjLWtpc2ktb2xkdS1rYWMta2lzaS15YXJhbGFuZGktdmUta2FjLWJpbmEtY29rdHUtMzU2NjA3NC1hbXA?hl=tr&gl=TR&ceid=TR%3Atr
23,Kahramanmaraş'taki depremin ilk anları polis telsizinde: Anonslar felaketin büyüklüğünü gösterdi,news.google.com/./articles/CBMiigFodHRwczovL3d3dy5odXJyaXlldC5jb20udHIvZ3VuZGVtL2thaHJhbWFubWFyYXN0YWtpLWRlcHJlbWluLWlsay1hbmxhcmktcG9saXMtdGVsc2l6aW5kZS1hbm9uc2xhci1mZWxha2V0aW4tYnV5dWtsdWd1bnUtZ29zdGVyZGktNDIyMjA5OTLSAY4BaHR0cHM6Ly93d3cuaHVycml5ZXQuY29tLnRyL2FtcC9ndW5kZW0va2FocmFtYW5tYXJhc3Rha2ktZGVwcmVtaW4taWxrLWFubGFyaS1wb2xpcy10ZWxzaXppbmRlLWFub25zbGFyLWZlbGFrZXRpbi1idXl1a2x1Z3VudS1nb3N0ZXJkaS00MjIyMDk5Mg?hl=tr&gl=TR&ceid=TR%3Atr
24,Kahramanmaraş’taki deprem anı güvenlik kamerasında,news.google.com/./articles/CBMiX2h0dHBzOi8vd3d3LnNvemN1LmNvbS50ci8yMDIzL2d1bmRlbS9rYWhyYW1hbm1hcmFzdGFraS1kZXByZW0tYW5pLWd1dmVubGlrLWthbWVyYXNpbmRhLTc1OTI4Mzgv0gFjaHR0cHM6Ly93d3cuc296Y3UuY29tLnRyLzIwMjMvZ3VuZGVtL2thaHJhbWFubWFyYXN0YWtpLWRlcHJlbS1hbmktZ3V2ZW5saWsta2FtZXJhc2luZGEtNzU5MjgzOC9hbXAv?hl=tr&gl=TR&ceid=TR%3Atr
25,Hatay'da 5.1 büyüklüğünde deprem!,news.google.com/./articles/CBMiRGh0dHBzOi8vd3d3LmJpcmd1bi5uZXQvaGFiZXIvaGF0YXktZGEtNS0xLWJ1eXVrbHVndW5kZS1kZXByZW0tNDIxNzI30gFIaHR0cHM6Ly93d3cuYmlyZ3VuLm5ldC9hbXAvaGFiZXIvaGF0YXktZGEtNS0xLWJ1eXVrbHVndW5kZS1kZXByZW0tNDIxNzI3?hl=tr&gl=TR&ceid=TR%3Atr
26,Son Dakika: Van'da 4 büyüklüğünde deprem,news.google.com/./articles/CBMiVGh0dHBzOi8vd3d3LmN1bWh1cml5ZXQuY29tLnRyL3R1cmtpeWUvc29uLWRha2lrYS12YW5kYS00LWJ1eXVrbHVndW5kZS1kZXByZW0tMjA1MjM1M9IBWGh0dHBzOi8vd3d3LmN1bWh1cml5ZXQuY29tLnRyL2FtcC90dXJraXllL3Nvbi1kYWtpa2EtdmFuZGEtNC1idXl1a2x1Z3VuZGUtZGVwcmVtLTIwNTIzNTM?hl=tr&gl=TR&ceid=TR%3Atr
27,Deprem bölgesinden mucize kurtuluşlar,news.google.com/./articles/CBMiYmh0dHBzOi8vd3d3Lm50di5jb20udHIvZ2FsZXJpL3R1cmtpeWUvZGVwcmVtLWJvbGdlc2luZGVuLW11Y2l6ZS1rdXJ0dWx1c2xhcixFTnU4ZnlZSURrYWVSSUktV1VfMTVB0gFmaHR0cHM6Ly93d3cubnR2LmNvbS50ci9hbXAvZ2FsZXJpL3R1cmtpeWUvZGVwcmVtLWJvbGdlc2luZGVuLW11Y2l6ZS1rdXJ0dWx1c2xhcixFTnU4ZnlZSURrYWVSSUktV1VfMTVB?hl=tr&gl=TR&ceid=TR%3Atr
28,Deprem çantası ayağınıza takılan bir prangadır... Ezber bozan sözler: Enkazda hayat kurtaran çanta değil aldığınız pozisyon,news.google.com/./articles/CBMijAFodHRwczovL3d3dy5odXJyaXlldC5jb20udHIvZ3VuZGVtL2RlcHJlbS1jYW50YXNpLWF5YWdpbml6YS10YWtpbGFuLWJpci1wcmFuZ2FkaXItaGF5YXQta3VydGFyYW4tc2V5LWNhbnRhLWRlZ2lsLWFsZGlnaW5pei1wb3ppc3lvbi00MjIxOTk5NtIBkAFodHRwczovL3d3dy5odXJyaXlldC5jb20udHIvYW1wL2d1bmRlbS9kZXByZW0tY2FudGFzaS1heWFnaW5pemEtdGFraWxhbi1iaXItcHJhbmdhZGlyLWhheWF0LWt1cnRhcmFuLXNleS1jYW50YS1kZWdpbC1hbGRpZ2luaXotcG96aXN5b24tNDIyMTk5OTY?hl=tr&gl=TR&ceid=TR%3Atr
29,Son dakika deprem haberleri: Enkazın altında kalan 'Bircan' kurtarıldı,news.google.com/./articles/CBMiaGh0dHBzOi8vd3d3LmhhYmVydHVyay5jb20vc29uLWRha2lrYS1kZXByZW0taGFiZXJsZXJpLWVua2F6aW4tYWx0aW5hLWdpcml5b3ItYmlyY2FuLWluaS1iZXNsaXlvci0zNTY2MDc50gFqaHR0cHM6Ly9tLmhhYmVydHVyay5jb20vc29uLWRha2lrYS1kZXByZW0taGFiZXJsZXJpLWVua2F6aW4tYWx0aW5hLWdpcml5b3ItYmlyY2FuLWluaS1iZXNsaXlvci0zNTY2MDc5LWFtcA?hl=tr&gl=TR&ceid=TR%3Atr
30,Hatay'da deprem: 5.1'le sallandı | 2023 son depremler,news.google.com/./articles/CBMiWmh0dHBzOi8vd3d3LmFoYWJlci5jb20udHIveWFzYW0vMjAyMy8wMi8xNi9oYXRheWRhLWRlcHJlbS01MWxlLXNhbGxhbmRpLTIwMjMtc29uLWRlcHJlbWxlctIBXmh0dHBzOi8vd3d3LmFoYWJlci5jb20udHIveWFzYW0vMjAyMy8wMi8xNi9oYXRheWRhLWRlcHJlbS01MWxlLXNhbGxhbmRpLTIwMjMtc29uLWRlcHJlbWxlci9hbXA?hl=tr&gl=TR&ceid=TR%3Atr
31,Deprem bölgesinde çalışmak için gelen madenciden duygulandıran sözler! Sosyal medya bunu konuşuyor... 'Bizim için vazgeçmek yok',news.google.com/./articles/CBMinQFodHRwczovL3d3dy5teW5ldC5jb20vZGVwcmVtLWJvbGdlc2luZGUtY2FsaXNtYWstaWNpbi1nZWxlbi1tYWRlbmNpZGVuLWR1eWd1bGFuZGlyYW4tc296bGVyLXNvc3lhbC1tZWR5YS1idW51LWtvbnVzdXlvci1iaXppbS1pY2luLXZhemdlY21lay15b2stMTEwMTA3MDk3NzI10gGhAWh0dHBzOi8vd3d3Lm15bmV0LmNvbS9hbXAvZGVwcmVtLWJvbGdlc2luZGUtY2FsaXNtYWstaWNpbi1nZWxlbi1tYWRlbmNpZGVuLWR1eWd1bGFuZGlyYW4tc296bGVyLXNvc3lhbC1tZWR5YS1idW51LWtvbnVzdXlvci1iaXppbS1pY2luLXZhemdlY21lay15b2stMTEwMTA3MDk3NzI1?hl=tr&gl=TR&ceid=TR%3Atr
32,"Canlı yayında çarpıcı diyalog! AFAD Deprem Müdürü 'Müdahalede geç kalmadık' deyince, sunucu hemen devreye girdi",news.google.com/./articles/CBMiYGh0dHBzOi8vd3d3LnNvbmRha2lrYS5jb20vaGFiZXIvaGFiZXItY2FubGkteWF5aW5kYS1jYXJwaWNpLWRpeWFsb2ctYWZhZC1kZXByZW0tbXVkdXJ1LTE1NjQwMzcyL9IBXmh0dHBzOi8vd3d3LnNvbmRha2lrYS5jb20vYW1wL2hhYmVyLWNhbmxpLXlheWluZGEtY2FycGljaS1kaXlhbG9nLWFmYWQtZGVwcmVtLW11ZHVydS0xNTY0MDM3Mi8?hl=tr&gl=TR&ceid=TR%3Atr
33,TEKNOFEST İzmir deprem nedeniyle ertelendi,news.google.com/./articles/CBMiWGh0dHBzOi8vd3d3LmN1bWh1cml5ZXQuY29tLnRyL3R1cmtpeWUvdGVrbm9mZXN0LWl6bWlyLWRlcHJlbS1uZWRlbml5bGUtZXJ0ZWxlbmRpLTIwNTI0OTnSAVxodHRwczovL3d3dy5jdW1odXJpeWV0LmNvbS50ci9hbXAvdHVya2l5ZS90ZWtub2Zlc3QtaXptaXItZGVwcmVtLW5lZGVuaXlsZS1lcnRlbGVuZGktMjA1MjQ5OQ?hl=tr&gl=TR&ceid=TR%3Atr
34,Son dakika deprem haberleri: Fay hattı havadan görüntülendi! İTÜ'lü deprem bilimci Prof. Dr. Akyüz:...,news.google.com/./articles/CBMifmh0dHBzOi8vd3d3LmhhYmVydHVyay5jb20vZmF5LWhhdHRpLWhhdmFkYW4tZ29ydW50dWxlbmRpLWl0dS1sdS1kZXByZW0tYmlsaW1jaS1wcm9mLWRyLWFreXV6LW5hcmxpLWZheWkteWluZS1raXJpbGFjYWstMzU2NjEwOdIBgAFodHRwczovL20uaGFiZXJ0dXJrLmNvbS9mYXktaGF0dGktaGF2YWRhbi1nb3J1bnR1bGVuZGktaXR1LWx1LWRlcHJlbS1iaWxpbWNpLXByb2YtZHItYWt5dXotbmFybGktZmF5aS15aW5lLWtpcmlsYWNhay0zNTY2MTA5LWFtcA?hl=tr&gl=TR&ceid=TR%3Atr
35,"Prof. Dr. Cenk Yaltırak'ın 6 Şubat depremlerinden sonra ""İstanbul’da 2026’ya kadar deprem olacak"" dediği iddiası",news.google.com/./articles/CBMihQFodHRwczovL3RleWl0Lm9yZy9hbmFsaXotcHJvZi1kci1jZW5rLXlhbHRpcmFraW4ta2FocmFtYW5tYXJhcy1kZXByZW1pbmRlbi1zb25yYS1pc3RhbmJ1bGRhLTIwMjZ5YS1rYWRhci1kZXByZW0tb2xhY2FrLWRlZGlnaS1pZGRpYXNp0gEA?hl=tr&gl=TR&ceid=TR%3Atr
36,Depremlerde can kaybı 36 bini aştı - BLOOMBERG HT,news.google.com/./articles/CBMiRGh0dHBzOi8vbS5ibG9vbWJlcmdodC5jb20vZGVwcmVtbGVyZGUtY2FuLWtheWJpLTM2LWJpbmktYXN0aS0yMzI1MzY30gFKaHR0cHM6Ly93d3cuYmxvb21iZXJnaHQuY29tL2RlcHJlbWxlcmRlLWNhbi1rYXliaS0zNi1iaW5pLWFzdGktMjMyNTM2Ny1hbXA?hl=tr&gl=TR&ceid=TR%3Atr
37,Kahramanmaraş'ın deprem öncesi ve sonrası görüntüleri ortaya çıktı,news.google.com/./articles/CBMiY2h0dHBzOi8vd3d3LmVuc29uaGFiZXIuY29tL2d1bmRlbS9rYWhyYW1hbm1hcmFzaW4tZGVwcmVtLW9uY2VzaS12ZS1zb25yYXNpLWdvcnVudHVsZXJpLW9ydGF5YS1jaWt0adIBZ2h0dHBzOi8vd3d3LmVuc29uaGFiZXIuY29tL2FtcC9ndW5kZW0va2FocmFtYW5tYXJhc2luLWRlcHJlbS1vbmNlc2ktdmUtc29ucmFzaS1nb3J1bnR1bGVyaS1vcnRheWEtY2lrdGk?hl=tr&gl=TR&ceid=TR%3Atr
38,Son dakika: Depremde 248. saatte bir mucize daha! Kahramanmaraş'ta 17 yaşındaki Aleyna sağ kurtarıldı,news.google.com/./articles/CBMiWmh0dHBzOi8vd3d3Lmh1cnJpeWV0LmNvbS50ci9ndW5kZW0vc29uLWRha2lrYS1kZXByZW1kZS0yNDgtc2FhdHRlLWJpci1tdWNpemUtZGFoYS00MjIyMDc3M9IBXmh0dHBzOi8vd3d3Lmh1cnJpeWV0LmNvbS50ci9hbXAvZ3VuZGVtL3Nvbi1kYWtpa2EtZGVwcmVtZGUtMjQ4LXNhYXR0ZS1iaXItbXVjaXplLWRhaGEtNDIyMjA3NzM?hl=tr&gl=TR&ceid=TR%3Atr
39,Depremin Türkiye ekonomisine maliyeti ne kadar olacak?,news.google.com/./articles/CBMiZGh0dHBzOi8vd3d3LnNvemN1LmNvbS50ci8yMDIzL2Vrb25vbWkvZGVwcmVtaW4tdHVya2l5ZS1la29ub21pc2luZS1tYWxpeWV0aS1uZS1rYWRhci1vbGFjYWstNzU5MzY1Mi_SAWhodHRwczovL3d3dy5zb3pjdS5jb20udHIvMjAyMy9la29ub21pL2RlcHJlbWluLXR1cmtpeWUtZWtvbm9taXNpbmUtbWFsaXlldGktbmUta2FkYXItb2xhY2FrLTc1OTM2NTIvYW1wLw?hl=tr&gl=TR&ceid=TR%3Atr
40,"""Bana 'İstanbul'da şöyle yakışıklı deprem olsun' dedi"" Prof. Dr. Övgün Ahmet Ercan’dan Prof. Dr. Celal Şengör için şok sözler 'Büyük depremlerin taraftarıdır'",news.google.com/./articles/CBMipAFodHRwczovL3d3dy5teW5ldC5jb20vYmFuYS1pc3RhbmJ1bC1kYS1zb3lsZS15YWtpc2lrbGktZGVwcmVtLW9sc3VuLWRlZGktcHJvZi1kci1vdmd1bi1haG1ldC1lcmNhbi1kYW4tcHJvZi1kci1jZWxhbC1zZW5nb3ItaWNpbi1zb2stc296bGVyLWJ1eXVrLWRlcHJlLTExMDEwNzA5NzczMdIBqAFodHRwczovL3d3dy5teW5ldC5jb20vYW1wL2JhbmEtaXN0YW5idWwtZGEtc295bGUteWFraXNpa2xpLWRlcHJlbS1vbHN1bi1kZWRpLXByb2YtZHItb3ZndW4tYWhtZXQtZXJjYW4tZGFuLXByb2YtZHItY2VsYWwtc2VuZ29yLWljaW4tc29rLXNvemxlci1idXl1ay1kZXByZS0xMTAxMDcwOTc3MzE?hl=tr&gl=TR&ceid=TR%3Atr
41,Deprem bölgesinde oluşan yeryüzü hareketleri incelendi,news.google.com/./articles/CBMiZGh0dHBzOi8vd3d3LmdhemV0ZWR1dmFyLmNvbS50ci9kZXByZW0tYm9sZ2VzaW5kZS1vbHVzYW4teWVyeXV6dS1oYXJla2V0bGVyaS1pbmNlbGVuZGktZ2FsZXJpLTE2MDQwMjbSAWhodHRwczovL3d3dy5nYXpldGVkdXZhci5jb20udHIvYW1wL2RlcHJlbS1ib2xnZXNpbmRlLW9sdXNhbi15ZXJ5dXp1LWhhcmVrZXRsZXJpLWluY2VsZW5kaS1nYWxlcmktMTYwNDAyNg?hl=tr&gl=TR&ceid=TR%3Atr
42,DEPREM SON DAKİKA | Ölü ve yaralı sayısı kaç oldu 16 Şubat? - Kahramanmaraş depreminde 11. gün son dakika haberleri,news.google.com/./articles/CBMinAFodHRwczovL3d3dy5mb3RvbWFjLmNvbS50ci9oYWJlcmxlci8yMDIzLzAyLzE2L2RlcHJlbS1zb24tZGFraWthLW9sdS12ZS15YXJhbGktc2F5aXNpLWthYy1vbGR1LTE2LXN1YmF0LWthaHJhbWFubWFyYXMtZGVwcmVtaW5kZS0xMS1ndW4tc29uLWRha2lrYS1oYWJlcmxlcmnSAaABaHR0cHM6Ly93d3cuZm90b21hYy5jb20udHIvaGFiZXJsZXIvMjAyMy8wMi8xNi9kZXByZW0tc29uLWRha2lrYS1vbHUtdmUteWFyYWxpLXNheWlzaS1rYWMtb2xkdS0xNi1zdWJhdC1rYWhyYW1hbm1hcmFzLWRlcHJlbWluZGUtMTEtZ3VuLXNvbi1kYWtpa2EtaGFiZXJsZXJpL2FtcA?hl=tr&gl=TR&ceid=TR%3Atr
43,İnşaat Mühendisleri Odası'ndan deprem raporu: Binlerce bina neden çöktü?,news.google.com/./articles/CBMigQFodHRwczovL3d3dy5udHYuY29tLnRyL2dhbGVyaS90dXJraXllL2luc2FhdC1tdWhlbmRpc2xlcmktb2Rhc2luZGFuLWRlcHJlbS1yYXBvcnViaW5sZXJjZS1iaW5hLW5lZGVuLWNva3R1LFI2X2hNVTJ5QTBpVHRWemhIN0hRelHSAYUBaHR0cHM6Ly93d3cubnR2LmNvbS50ci9hbXAvZ2FsZXJpL3R1cmtpeWUvaW5zYWF0LW11aGVuZGlzbGVyaS1vZGFzaW5kYW4tZGVwcmVtLXJhcG9ydWJpbmxlcmNlLWJpbmEtbmVkZW4tY29rdHUsUjZfaE1VMnlBMGlUdFZ6aEg3SFF6UQ?hl=tr&gl=TR&ceid=TR%3Atr
44,"11. gün! Depremde ölü sayısı ne kadar oldu, güncel yaralı sayısı kaç? Hangi ilde kaç bina yıkıldı, kaç kişi öldü?",news.google.com/./articles/CBMijQFodHRwczovL3d3dy5jbm50dXJrLmNvbS90dXJraXllL2hhYmVybGVyLWRlcHJlbWRlLW9sdS1zYXlpc2ktbmUta2FkYXItb2xkdS1ndW5jZWwteWFyYWxpLXNheWlzaS1rYWMtaGFuZ2ktaWxkZS1rYWMtYmluYS15aWtpbGRpLWthYy1raXNpLW9sZHXSAZEBaHR0cHM6Ly93d3cuY25udHVyay5jb20vYW1wL3R1cmtpeWUvaGFiZXJsZXItZGVwcmVtZGUtb2x1LXNheWlzaS1uZS1rYWRhci1vbGR1LWd1bmNlbC15YXJhbGktc2F5aXNpLWthYy1oYW5naS1pbGRlLWthYy1iaW5hLXlpa2lsZGkta2FjLWtpc2ktb2xkdQ?hl=tr&gl=TR&ceid=TR%3Atr
45,Son Dakika... Hatay'da 5.1 büyüklüğünde deprem!,news.google.com/./articles/CBMiV2h0dHBzOi8vd3d3LmN1bWh1cml5ZXQuY29tLnRyL3R1cmtpeWUvc29uLWRha2lrYS1oYXRheWRhLTUxLWJ1eXVrbHVndW5kZS1kZXByZW0tMjA1MjUwMNIBW2h0dHBzOi8vd3d3LmN1bWh1cml5ZXQuY29tLnRyL2FtcC90dXJraXllL3Nvbi1kYWtpa2EtaGF0YXlkYS01MS1idXl1a2x1Z3VuZGUtZGVwcmVtLTIwNTI1MDA?hl=tr&gl=TR&ceid=TR%3Atr
46,Depremde 25 akrabasını kaybeden Kahtalı Mıçe: Yaşadığıma sevinemiyorum,news.google.com/./articles/CBMicGh0dHBzOi8vd3d3Lm1pbGxpeWV0LmNvbS50ci9ndW5kZW0vZGVwcmVtZGUtMjUtYWtyYWJhc2luaS1rYXliZWRlbi1rYWh0YWxpLW1pY2UteWFzYWRpZ2ltYS1zZXZpbmVtaXlvcnVtLTY5MDQ5MDjSAXRodHRwczovL3d3dy5taWxsaXlldC5jb20udHIvYW1wL2d1bmRlbS9kZXByZW1kZS0yNS1ha3JhYmFzaW5pLWtheWJlZGVuLWthaHRhbGktbWljZS15YXNhZGlnaW1hLXNldmluZW1peW9ydW0tNjkwNDkwOA?hl=tr&gl=TR&ceid=TR%3Atr
47,"Son Dakika: AFAD duyurdu: Hatay Arsuz'da 5,1 şiddetinde deprem! Adana ve Mersin'de de hissedildi",news.google.com/./articles/CBMigAFodHRwczovL3d3dy5teW5ldC5jb20vc29uLWRha2lrYS1hZmFkLWR1eXVyZHUtaGF0YXktYXJzdXotZGEtNS0xLXNpZGRldGluZGUtZGVwcmVtLWFkYW5hLXZlLW1lcnNpbi1kZS1kZS1oaXNzZWRpbGRpLTExMDEwNzA5NzgyNNIBhAFodHRwczovL3d3dy5teW5ldC5jb20vYW1wL3Nvbi1kYWtpa2EtYWZhZC1kdXl1cmR1LWhhdGF5LWFyc3V6LWRhLTUtMS1zaWRkZXRpbmRlLWRlcHJlbS1hZGFuYS12ZS1tZXJzaW4tZGUtZGUtaGlzc2VkaWxkaS0xMTAxMDcwOTc4MjQ?hl=tr&gl=TR&ceid=TR%3Atr
48,Bakan Kirişci açıklama yaparken deprem oldu,news.google.com/./articles/CBMiWWh0dHBzOi8vd3d3LnNvemN1LmNvbS50ci8yMDIzL2d1bmRlbS9iYWthbi1raXJpc2NpLWFjaWtsYW1hLXlhcGFya2VuLWRlcHJlbS1vbGR1LTc1OTQwODUv0gFdaHR0cHM6Ly93d3cuc296Y3UuY29tLnRyLzIwMjMvZ3VuZGVtL2Jha2FuLWtpcmlzY2ktYWNpa2xhbWEteWFwYXJrZW4tZGVwcmVtLW9sZHUtNzU5NDA4NS9hbXAv?hl=tr&gl=TR&ceid=TR%3Atr
49,"7.7 ve 7.6’lık iki deprem oldu, burada tek bir tabak bile kırılmadı",news.google.com/./articles/CBMib2h0dHBzOi8vd3d3LnNvemN1LmNvbS50ci8yMDIzL2d1bmRlbS83LTctdmUtNy02bGlrLWlraS1kZXByZW0tb2xkdS1idXJhZGEtdGVrLWJpci10YWJhay1iaWxlLWtpcmlsbWFkaS03NTkyOTg5L9IBc2h0dHBzOi8vd3d3LnNvemN1LmNvbS50ci8yMDIzL2d1bmRlbS83LTctdmUtNy02bGlrLWlraS1kZXByZW0tb2xkdS1idXJhZGEtdGVrLWJpci10YWJhay1iaWxlLWtpcmlsbWFkaS03NTkyOTg5L2FtcC8?hl=tr&gl=TR&ceid=TR%3Atr
50,Deprem felaketiyle dalga geçen DJ Ant Payne’e şikayet yağmış: Kovulmadı ama…,news.google.com/./articles/CBMidmh0dHBzOi8vd3d3LnNvemN1LmNvbS50ci8yMDIzL2R1bnlhL2RlcHJlbS1mZWxha2V0aXlsZS1kYWxnYS1nZWNlbi1kai1hbnQtcGF5bmVlLXNpa2F5ZXQteWFnbWlzLWtvdnVsbWFkaS1hbWEtNzU5MzE0My_SAXpodHRwczovL3d3dy5zb3pjdS5jb20udHIvMjAyMy9kdW55YS9kZXByZW0tZmVsYWtldGl5bGUtZGFsZ2EtZ2VjZW4tZGotYW50LXBheW5lZS1zaWtheWV0LXlhZ21pcy1rb3Z1bG1hZGktYW1hLTc1OTMxNDMvYW1wLw?hl=tr&gl=TR&ceid=TR%3Atr
51,Deprem anında yüzme havuzunda yaşanan dalgalanma kamerada,news.google.com/./articles/CBMibmh0dHBzOi8vd3d3LnNvemN1LmNvbS50ci8yMDIzL2d1bnVuLWljaW5kZW4vZGVwcmVtLWFuaW5kYS15dXptZS1oYXZ1enVuZGEteWFzYW5hbi1kYWxnYWxhbm1hLWthbWVyYWRhLTc1OTI4Nzkv0gEA?hl=tr&gl=TR&ceid=TR%3Atr
52,"Son dakika: Hatay Arsuz'da 5,1 büyüklüğünde artçı deprem",news.google.com/./articles/CBMiVmh0dHBzOi8vd3d3LnNhYmFoLmNvbS50ci95YXNhbS9zb24tZGFraWthLWhhdGF5LWFyc3V6ZGEtNTEtYnV5dWtsdWd1bmRlLWRlcHJlbS02MzYyNDgz0gFYaHR0cHM6Ly9tLnNhYmFoLmNvbS50ci95YXNhbS9zb24tZGFraWthLWhhdGF5LWFyc3V6ZGEtNTEtYnV5dWtsdWd1bmRlLWRlcHJlbS02MzYyNDgzL2FtcA?hl=tr&gl=TR&ceid=TR%3Atr
53,ABD dün açıkladı: Deprem sonrasında kritik görüşme hakkında çarpıcı analiz,news.google.com/./articles/CBMidmh0dHBzOi8vd3d3LnNvemN1LmNvbS50ci8yMDIzL2R1bnlhL2FiZC1kdW4tYWNpa2xhZGktZGVwcmVtLXNvbnJhc2luZGEta3JpdGlrLWdvcnVzbWUtaGFra2luZGEtY2FycGljaS1hbmFsaXotNzU5MzI0Mi_SAXpodHRwczovL3d3dy5zb3pjdS5jb20udHIvMjAyMy9kdW55YS9hYmQtZHVuLWFjaWtsYWRpLWRlcHJlbS1zb25yYXNpbmRhLWtyaXRpay1nb3J1c21lLWhha2tpbmRhLWNhcnBpY2ktYW5hbGl6LTc1OTMyNDIvYW1wLw?hl=tr&gl=TR&ceid=TR%3Atr
54,‘Deprem bölgesinde konut inşası için 4 milyon ton inşaat demirini 4 ayda karşılarız’,news.google.com/./articles/CBMigQFodHRwczovL3d3dy5zb3pjdS5jb20udHIvMjAyMy9la29ub21pL2RlcHJlbS1ib2xnZXNpbmRlLWtvbnV0LWluc2FzaS1pY2luLTQtbWlseW9uLXRvbi1pbnNhYXQtZGVtaXJpbmktNC1heWRhLWthcnNpbGFyaXotNzU5MzMzMi_SAYUBaHR0cHM6Ly93d3cuc296Y3UuY29tLnRyLzIwMjMvZWtvbm9taS9kZXByZW0tYm9sZ2VzaW5kZS1rb251dC1pbnNhc2ktaWNpbi00LW1pbHlvbi10b24taW5zYWF0LWRlbWlyaW5pLTQtYXlkYS1rYXJzaWxhcml6LTc1OTMzMzIvYW1wLw?hl=tr&gl=TR&ceid=TR%3Atr
55,ABD medyasından deprem ile ilgili çarpıcı yorum,news.google.com/./articles/CBMiXGh0dHBzOi8vd3d3LnNvemN1LmNvbS50ci8yMDIzL2R1bnlhL2FiZC1tZWR5YXNpbmRhbi1kZXByZW0taWxlLWlsZ2lsaS1jYXJwaWNpLXlvcnVtLTc1OTM1Mzgv0gFgaHR0cHM6Ly93d3cuc296Y3UuY29tLnRyLzIwMjMvZHVueWEvYWJkLW1lZHlhc2luZGFuLWRlcHJlbS1pbGUtaWxnaWxpLWNhcnBpY2kteW9ydW0tNzU5MzUzOC9hbXAv?hl=tr&gl=TR&ceid=TR%3Atr
56,Kırılan fay havadan görüntülendi! Deprem bilimcilerden dikkat çeken sözler: 5 fay parçası kırıldı,news.google.com/./articles/CBMihQFodHRwczovL3d3dy5zYWJhaC5jb20udHIvZ2FsZXJpL3lhc2FtL2tpcmlsYW4tZmF5LWhhdmFkYW4tZ29ydW50dWxlbmRpLWRlcHJlbS1iaWxpbWNpbGVyZGVuLWRpa2thdC1jZWtlbi1zb3psZXItNS1mYXktcGFyY2FzaS1raXJpbGRp0gGHAWh0dHBzOi8vbS5zYWJhaC5jb20udHIvZ2FsZXJpL3lhc2FtL2tpcmlsYW4tZmF5LWhhdmFkYW4tZ29ydW50dWxlbmRpLWRlcHJlbS1iaWxpbWNpbGVyZGVuLWRpa2thdC1jZWtlbi1zb3psZXItNS1mYXktcGFyY2FzaS1raXJpbGRpL2FtcA?hl=tr&gl=TR&ceid=TR%3Atr
57,Son Dakika... AFAD duyurdu: Akdeniz'de 4.7 büyüklüğünde deprem,news.google.com/./articles/CBMiZmh0dHBzOi8vd3d3LmN1bWh1cml5ZXQuY29tLnRyL3R1cmtpeWUvc29uLWRha2lrYS1hZmFkLWR1eXVyZHUtYWtkZW5pemRlLTQ3LWJ1eXVrbHVndW5kZS1kZXByZW0tMjA1MjM2M9IBamh0dHBzOi8vd3d3LmN1bWh1cml5ZXQuY29tLnRyL2FtcC90dXJraXllL3Nvbi1kYWtpa2EtYWZhZC1kdXl1cmR1LWFrZGVuaXpkZS00Ny1idXl1a2x1Z3VuZGUtZGVwcmVtLTIwNTIzNjM?hl=tr&gl=TR&ceid=TR%3Atr
58,Garanti BBVA'dan deprem yardımlarına ilişkin açıklama,news.google.com/./articles/CBMiYmh0dHBzOi8vd3d3LmN1bWh1cml5ZXQuY29tLnRyL2Vrb25vbWkvZ2FyYW50aS1iYnZhZGFuLWRlcHJlbS15YXJkaW1sYXJpbmEtaWxpc2tpbi1hY2lrbGFtYS0yMDUyNDgw0gFmaHR0cHM6Ly93d3cuY3VtaHVyaXlldC5jb20udHIvYW1wL2Vrb25vbWkvZ2FyYW50aS1iYnZhZGFuLWRlcHJlbS15YXJkaW1sYXJpbmEtaWxpc2tpbi1hY2lrbGFtYS0yMDUyNDgw?hl=tr&gl=TR&ceid=TR%3Atr
59,Deprem bölgesinde artçı sarsıntılar sürüyor! 15 Şubat 2023 Çarşamba AFAD ve Kandilli son depremler listesi...,news.google.com/./articles/CBMimwFodHRwczovL3d3dy5oYWJlcnR1cmsuY29tL3Nvbi1kYWtpa2EtZGVwcmVtbGVyLWxpc3Rlc2ktMTUtc3ViYXQtYWZhZGthbmRpbGxpLXNvbi1kZXByZW1sZXItbGlzdGVzaS1pbGUtYXotb25jZS1kZXByZW0tbWktb2xkdS1uZXJlZGUta2FjLXNpZGRldGluZGUtMzU2NTc3NtIBnQFodHRwczovL20uaGFiZXJ0dXJrLmNvbS9zb24tZGFraWthLWRlcHJlbWxlci1saXN0ZXNpLTE1LXN1YmF0LWFmYWRrYW5kaWxsaS1zb24tZGVwcmVtbGVyLWxpc3Rlc2ktaWxlLWF6LW9uY2UtZGVwcmVtLW1pLW9sZHUtbmVyZWRlLWthYy1zaWRkZXRpbmRlLTM1NjU3NzYtYW1w?hl=tr&gl=TR&ceid=TR%3Atr
60,1 milyon TL yerine 800 bin... Deprem yardımları vergiden düşecek iddiasına yanıt geldi: 'Yaygın ama yanlış' diyerek örnek verdi,news.google.com/./articles/CBMirgFodHRwczovL2ZpbmFucy5teW5ldC5jb20vaGFiZXIvZGV0YXkvZWtvbm9taS8xLW1pbHlvbi10bC15ZXJpbmUtODAwLWJpbi1kZXByZW0teWFyZGltbGFyaS12ZXJnaWRlbi1kdXNlY2VrLWlkZGlhc2luYS15YW5pdC1nZWxkaS15YXlnaW4tYW1hLXlhbmxpcy1kaXllcmVrLW9ybmVrLXZlcmRpLzQ2MTAzNi_SAaEBaHR0cHM6Ly93d3cubXluZXQuY29tL2FtcC8xLW1pbHlvbi10bC15ZXJpbmUtODAwLWJpbi1kZXByZW0teWFyZGltbGFyaS12ZXJnaWRlbi1kdXNlY2VrLWlkZGlhc2luYS15YW5pdC1nZWxkaS15YXlnaW4tYW1hLXlhbmxpcy1kaXllcmVrLW9ybmVrLXZlcmRpLWZpbmFucy00NjEwMzY?hl=tr&gl=TR&ceid=TR%3Atr
61,Dünya Bankası hesapladı: Depreme dayanıklı bina maliyeti 465 milyar dolar,news.google.com/./articles/CBMifWh0dHBzOi8vd3d3Lm50di5jb20udHIvbnR2cGFyYS9kdW55YS1iYW5rYXNpLWhlc2FwbGFkaWRlcHJlbWUtZGF5YW5pa2xpLWJpbmEtbWFsaXlldGktNDY1LW1pbHlhci1kb2xhciwydzVkMVY0eUhrTzZoNTc0UV95aHFR0gGBAWh0dHBzOi8vd3d3Lm50di5jb20udHIvYW1wL250dnBhcmEvZHVueWEtYmFua2FzaS1oZXNhcGxhZGlkZXByZW1lLWRheWFuaWtsaS1iaW5hLW1hbGl5ZXRpLTQ2NS1taWx5YXItZG9sYXIsMnc1ZDFWNHlIa082aDU3NFFfeWhxUQ?hl=tr&gl=TR&ceid=TR%3Atr
62,İmamoğlu’ndan çarpıcı deprem çıkışı: Hükümete söylüyorum; yeter artık!,news.google.com/./articles/CBMicGh0dHBzOi8vd3d3LnNvemN1LmNvbS50ci8yMDIzL2d1bmRlbS9pbWFtb2dsdW5kYW4tY2FycGljaS1kZXByZW0tY2lraXNpLWh1a3VtZXRlLXNveWx1eW9ydW0teWV0ZXItYXJ0aWstNzU5MjgwNi_SAXRodHRwczovL3d3dy5zb3pjdS5jb20udHIvMjAyMy9ndW5kZW0vaW1hbW9nbHVuZGFuLWNhcnBpY2ktZGVwcmVtLWNpa2lzaS1odWt1bWV0ZS1zb3lsdXlvcnVtLXlldGVyLWFydGlrLTc1OTI4MDYvYW1wLw?hl=tr&gl=TR&ceid=TR%3Atr
63,Hatay’da 5.1 büyüklüğünde deprem,news.google.com/./articles/CBMiTWh0dHBzOi8vd3d3LnllbmljYWdnYXpldGVzaS5jb20udHIvaGF0YXlkYS01MS1idXl1a2x1Z3VuZGUtZGVwcmVtLTYzMDc0OGguaHRt0gFZaHR0cHM6Ly93d3cueWVuaWNhZ2dhemV0ZXNpLmNvbS50ci9zZXJ2aWNlL2FtcC9oYXRheWRhLTUxLWJ1eXVrbHVndW5kZS1kZXByZW0tNjMwNzQ4aC5odG0?hl=tr&gl=TR&ceid=TR%3Atr
64,Son dakika: Deprem felaketinde tarım alanları için flaş açıklama! Sulu ovalar ve kayma... - Haberler,news.google.com/./articles/CBMiZWh0dHBzOi8vd3d3LmhhYmVydHVyay5jb20vc29uLWRha2lrYS1kZXByZW0tZmVsYWtldGluZGUtY29rLWNhcnBpY2ktdGFyaW0tYWxhbmxhcmktYWNpa2xhbWFzaS0zNTY2MTMz0gFnaHR0cHM6Ly9tLmhhYmVydHVyay5jb20vc29uLWRha2lrYS1kZXByZW0tZmVsYWtldGluZGUtY29rLWNhcnBpY2ktdGFyaW0tYWxhbmxhcmktYWNpa2xhbWFzaS0zNTY2MTMzLWFtcA?hl=tr&gl=TR&ceid=TR%3Atr
65,"TÜRKİYE DEPREM RİSK HARİTASI AFAD || Doğu Anadolu Fay hattı hangi illerden geçiyor, başka kaç fay hattı var? 1.2.3. derece riskli deprem bölgeleri",news.google.com/./articles/CBMiswFodHRwczovL3d3dy5taWxsaXlldC5jb20udHIvZ2FsZXJpL2FmYWQtdHVya2l5ZS1kZXByZW0tcmlzay1oYXJpdGFzaS0yMDIzLXR1cmtpeWVkZS1rYWMtZmF5LWhhdHRpLXZhci1kb2d1LWFuYWRvbHUtZmF5LWhhdHRpLWhhbmdpLWlsbGVyZGVuLWdlY2l5b3Itcmlza2xpLWRlcHJlbS1ib2xnZWxlcmktNjkwNDUzMtIBtwFodHRwczovL3d3dy5taWxsaXlldC5jb20udHIvYW1wL2dhbGVyaS9hZmFkLXR1cmtpeWUtZGVwcmVtLXJpc2staGFyaXRhc2ktMjAyMy10dXJraXllZGUta2FjLWZheS1oYXR0aS12YXItZG9ndS1hbmFkb2x1LWZheS1oYXR0aS1oYW5naS1pbGxlcmRlbi1nZWNpeW9yLXJpc2tsaS1kZXByZW0tYm9sZ2VsZXJpLTY5MDQ1MzI?hl=tr&gl=TR&ceid=TR%3Atr
66,Depremde İstanbul'da en riskli ilçeleri | İstanbul deprem deprem riskli ve dayanıklı semtleri nedir?,news.google.com/./articles/CBMitwFodHRwczovL3d3dy5oYWJlcnR1cmsuY29tL2lzdGFuYnVsLWRlcHJlbWUtZGF5YW5pa2xpLW9sYW4tc2VtdGxlci1kZXByZW0tcmlzay1oYXJpdGFzaS1pbGUtaXN0YW5idWwtZGEtZGVwcmVtZS1kYXlhbmlrbGktb3J0YS1kYXlhbmlrbGktdmUtcmlza2xpLWJvbGdlbGVyLXZlLWlsY2VsZXItaGFuZ2lsZXJpLTM1NjU2MTXSAbkBaHR0cHM6Ly9tLmhhYmVydHVyay5jb20vaXN0YW5idWwtZGVwcmVtZS1kYXlhbmlrbGktb2xhbi1zZW10bGVyLWRlcHJlbS1yaXNrLWhhcml0YXNpLWlsZS1pc3RhbmJ1bC1kYS1kZXByZW1lLWRheWFuaWtsaS1vcnRhLWRheWFuaWtsaS12ZS1yaXNrbGktYm9sZ2VsZXItdmUtaWxjZWxlci1oYW5naWxlcmktMzU2NTYxNS1hbXA?hl=tr&gl=TR&ceid=TR%3Atr
67,"Kadıköy deprem risk haritası: Kadıköy deprem bölgesi mi, fay hattı geçiyor mu? Kadıköy depreme dayanaklı ve...",news.google.com/./articles/CBMitgFodHRwczovL3d3dy5oYWJlcnR1cmsuY29tL2thZGlrb3ktZGVwcmVtLWhhcml0YXNpLWthZGlrb3ktZGVwcmVtLWJvbGdlc2ktbWktZmF5LWhhdHRpLWdlY2l5b3ItbXUta2FkaWtveS1kZXByZW1lLWRheWFuYWtsaS12ZS1yaXNrbGktYm9sZ2VsZXItbmVyZWxlci1pc3RlLWthZGlrb3ktcmlzay1yYXBvcnUtMzU2NTk0M9IBuAFodHRwczovL20uaGFiZXJ0dXJrLmNvbS9rYWRpa295LWRlcHJlbS1oYXJpdGFzaS1rYWRpa295LWRlcHJlbS1ib2xnZXNpLW1pLWZheS1oYXR0aS1nZWNpeW9yLW11LWthZGlrb3ktZGVwcmVtZS1kYXlhbmFrbGktdmUtcmlza2xpLWJvbGdlbGVyLW5lcmVsZXItaXN0ZS1rYWRpa295LXJpc2stcmFwb3J1LTM1NjU5NDMtYW1w?hl=tr&gl=TR&ceid=TR%3Atr
68,"Depremzedelere 15 bin TL deprem yardım parası ne zaman verilecek, kimler alabilecek? 15 bin TL taşınma yardımı başvurusu nasıl yapılır, şartları neler?",news.google.com/./articles/CBMipAFodHRwczovL3d3dy5zYWJhaC5jb20udHIvZ2FsZXJpL3lhc2FtLzE1LWJpbi10bC1kZXByZW0teWFyZGltaS1iYXN2dXJ1c3UtbmFzaWwteWFwaWxpci1raW1sZXJlLXZlcmlsZWNlay1kZXByZW16ZWRlbGVyZS0xNS1iaW4tdGwtdGFzaW5tYS15YXJkaW1pLW5lLXphbWFuLXZlcmlsZWNla9IBpgFodHRwczovL20uc2FiYWguY29tLnRyL2dhbGVyaS95YXNhbS8xNS1iaW4tdGwtZGVwcmVtLXlhcmRpbWktYmFzdnVydXN1LW5hc2lsLXlhcGlsaXIta2ltbGVyZS12ZXJpbGVjZWstZGVwcmVtemVkZWxlcmUtMTUtYmluLXRsLXRhc2lubWEteWFyZGltaS1uZS16YW1hbi12ZXJpbGVjZWsvYW1w?hl=tr&gl=TR&ceid=TR%3Atr
69,Dünya medyasından deprem analizi: Erdoğan ters tepkiyle karşı karşıya,news.google.com/./articles/CBMicWh0dHBzOi8vd3d3LnNvemN1LmNvbS50ci8yMDIzL2R1bnlhL2R1bnlhLW1lZHlhc2luZGFuLWRlcHJlbS1hbmFsaXppLWVyZG9nYW4tdGVycy10ZXBraXlsZS1rYXJzaS1rYXJzaXlhLTc1OTA5ODgv0gF1aHR0cHM6Ly93d3cuc296Y3UuY29tLnRyLzIwMjMvZHVueWEvZHVueWEtbWVkeWFzaW5kYW4tZGVwcmVtLWFuYWxpemktZXJkb2dhbi10ZXJzLXRlcGtpeWxlLWthcnNpLWthcnNpeWEtNzU5MDk4OC9hbXAv?hl=tr&gl=TR&ceid=TR%3Atr
70,SON DAKİKA: İstanbul diri fay hattı ve deprem risk haritası açıklandı! İşte deprem tarihi: 1509 ve 1766 yıllarına dikkat! - Son Dakika İstanbul Depremi Ne Zaman Haberleri,news.google.com/./articles/CBMilQFodHRwczovL3d3dy5zYWJhaC5jb20udHIvZ2FsZXJpL2Vrb25vbWkvc29uLWRha2lrYS1pc3RlLWlzdGFuYnVsLWRlcHJlbS1oYXJpdGFzaS12ZS1kaXJpLWZheS1oYXR0aS1pc3RhbmJ1bC1kZXByZW0tdGFyaWhpLWJvbGdlbGVyaS1pbGUtcmlzay1oYXJpdGFzadIBlwFodHRwczovL20uc2FiYWguY29tLnRyL2dhbGVyaS9la29ub21pL3Nvbi1kYWtpa2EtaXN0ZS1pc3RhbmJ1bC1kZXByZW0taGFyaXRhc2ktdmUtZGlyaS1mYXktaGF0dGktaXN0YW5idWwtZGVwcmVtLXRhcmloaS1ib2xnZWxlcmktaWxlLXJpc2staGFyaXRhc2kvYW1w?hl=tr&gl=TR&ceid=TR%3Atr
71,Son Dakika... Malatya'da korkutan deprem!,news.google.com/./articles/CBMiUmh0dHBzOi8vd3d3LmN1bWh1cml5ZXQuY29tLnRyL3R1cmtpeWUvc29uLWRha2lrYS1tYWxhdHlhZGEta29ya3V0YW4tZGVwcmVtLTIwNTI0NTTSAVZodHRwczovL3d3dy5jdW1odXJpeWV0LmNvbS50ci9hbXAvdHVya2l5ZS9zb24tZGFraWthLW1hbGF0eWFkYS1rb3JrdXRhbi1kZXByZW0tMjA1MjQ1NA?hl=tr&gl=TR&ceid=TR%3Atr
72,Deprem anına ait çarpıcı görüntü! Arama kurtarma ekipleri enkaz başında yakalandı,news.google.com/./articles/CBMic2h0dHBzOi8vd3d3Lm15bmV0LmNvbS9kZXByZW0tYW5pbmEtYWl0LWNhcnBpY2ktZ29ydW50dS1hcmFtYS1rdXJ0YXJtYS1la2lwbGVyaS1lbmthei1iYXNpbmRhLXlha2FsYW5kaS0xMTAxMDcwOTc3ODjSAXdodHRwczovL3d3dy5teW5ldC5jb20vYW1wL2RlcHJlbS1hbmluYS1haXQtY2FycGljaS1nb3J1bnR1LWFyYW1hLWt1cnRhcm1hLWVraXBsZXJpLWVua2F6LWJhc2luZGEteWFrYWxhbmRpLTExMDEwNzA5Nzc4OA?hl=tr&gl=TR&ceid=TR%3Atr
73,Kahramanmaraş merkezli depremlerde can kaybı 36 bini aştı,news.google.com/./articles/CBMidmh0dHBzOi8vd3d3Lm50di5jb20udHIvZ2FsZXJpL3R1cmtpeWUva2FocmFtYW5tYXJhcy1tZXJrZXpsaS1kZXByZW1sZXJkZS1jYW4ta2F5YmktMzYtYmluaS1hc3RpLHdVVkRMMmgwNmtHTWpiemtfeXNpM1HSAXpodHRwczovL3d3dy5udHYuY29tLnRyL2FtcC9nYWxlcmkvdHVya2l5ZS9rYWhyYW1hbm1hcmFzLW1lcmtlemxpLWRlcHJlbWxlcmRlLWNhbi1rYXliaS0zNi1iaW5pLWFzdGksd1VWREwyaDA2a0dNamJ6a195c2kzUQ?hl=tr&gl=TR&ceid=TR%3Atr
74,Nusret Gökçe'den deprem bölgesine yardım,news.google.com/./articles/CBMiY2h0dHBzOi8vd3d3Lm50di5jb20udHIvbi1saWZlL21hZ2F6aW4vbnVzcmV0LWdva2NlZGVuLWRlcHJlbS1ib2xnZXNpbmV5YXJkaW0sVnhlNDctQzdJMG1BbFhEZG1ZaEo2d9IBZ2h0dHBzOi8vd3d3Lm50di5jb20udHIvYW1wL24tbGlmZS9tYWdhemluL251c3JldC1nb2tjZWRlbi1kZXByZW0tYm9sZ2VzaW5leWFyZGltLFZ4ZTQ3LUM3STBtQWxYRGRtWWhKNnc?hl=tr&gl=TR&ceid=TR%3Atr
75,Deprem son dakika: Türkiye'yi sarsan felaketin 11. gününde son durum! Can kaybı ve yaralı sayısı 16 Şubat 2023,news.google.com/./articles/CBMijQFodHRwczovL3d3dy5oYWJlcnR1cmsuY29tL2RlcHJlbS1zb24tZGFraWthLXR1cmtpeWUteWktc2Fyc2FuLWZlbGFrZXRpbi0xMS1ndW51bmRlLXNvbi1kdXJ1bS1jYW4ta2F5YmktdmUteWFyYWxpLXNheWlzaS0xNi1zdWJhdC0yMDIzLTM1NjYwNjXSAY8BaHR0cHM6Ly9tLmhhYmVydHVyay5jb20vZGVwcmVtLXNvbi1kYWtpa2EtdHVya2l5ZS15aS1zYXJzYW4tZmVsYWtldGluLTExLWd1bnVuZGUtc29uLWR1cnVtLWNhbi1rYXliaS12ZS15YXJhbGktc2F5aXNpLTE2LXN1YmF0LTIwMjMtMzU2NjA2NS1hbXA?hl=tr&gl=TR&ceid=TR%3Atr
76,Cem Seymen'den 'deprem' istifası: CNN Türk'ün tavrı ortada...,news.google.com/./articles/CBMiYmh0dHBzOi8vd3d3LmdhemV0ZWR1dmFyLmNvbS50ci9jZW0tc2V5bWVuZGVuLWRlcHJlbS1pc3RpZmFzaS1jbm4tdHVya3VuLXRhdnJpLW9ydGFkYS1oYWJlci0xNjAzOTg20gFmaHR0cHM6Ly93d3cuZ2F6ZXRlZHV2YXIuY29tLnRyL2FtcC9jZW0tc2V5bWVuZGVuLWRlcHJlbS1pc3RpZmFzaS1jbm4tdHVya3VuLXRhdnJpLW9ydGFkYS1oYWJlci0xNjAzOTg2?hl=tr&gl=TR&ceid=TR%3Atr
77,İstanbul'da beklenen depremin büyüklüğü ne olacak? Naci Görür açıkladı,news.google.com/./articles/CBMicmh0dHBzOi8vd3d3LmN1bWh1cml5ZXQuY29tLnRyL3R1cmtpeWUvaXN0YW5idWxkYS1iZWtsZW5lbi1kZXByZW1pbi1idXl1a2x1Z3UtbmUtb2xhY2FrLW5hY2ktZ29ydXItYWNpa2xhZGktMjA1MjE4NNIBdmh0dHBzOi8vd3d3LmN1bWh1cml5ZXQuY29tLnRyL2FtcC90dXJraXllL2lzdGFuYnVsZGEtYmVrbGVuZW4tZGVwcmVtaW4tYnV5dWtsdWd1LW5lLW9sYWNhay1uYWNpLWdvcnVyLWFjaWtsYWRpLTIwNTIxODQ?hl=tr&gl=TR&ceid=TR%3Atr
78,Kahramanmaraş deprem anında böyle karanlığa gömüldü!,news.google.com/./articles/CBMiYWh0dHBzOi8vd3d3Lmh1cnJpeWV0LmNvbS50ci9ndW5kZW0va2FocmFtYW5tYXJhcy1kZXByZW0tYW5pbmRhLWJveWxlLWthcmFubGlnYS1nb211bGR1Z3UtNDIyMjA0OTbSAWVodHRwczovL3d3dy5odXJyaXlldC5jb20udHIvYW1wL2d1bmRlbS9rYWhyYW1hbm1hcmFzLWRlcHJlbS1hbmluZGEtYm95bGUta2FyYW5saWdhLWdvbXVsZHVndS00MjIyMDQ5Ng?hl=tr&gl=TR&ceid=TR%3Atr
79,Ülkeyi ayağa kaldıran yorum: Ünlü DJ’in deprem ve Türkiye sözleri tepki çekti,news.google.com/./articles/CBMieGh0dHBzOi8vd3d3LnNvemN1LmNvbS50ci8yMDIzL2R1bnlhL3Vsa2V5aS1heWFnYS1rYWxkaXJhbi15b3J1bS11bmx1LWRqaW4tZGVwcmVtLXZlLXR1cmtpeWUtc296bGVyaS10ZXBraS1jZWt0aS03NTkxNTAxL9IBfGh0dHBzOi8vd3d3LnNvemN1LmNvbS50ci8yMDIzL2R1bnlhL3Vsa2V5aS1heWFnYS1rYWxkaXJhbi15b3J1bS11bmx1LWRqaW4tZGVwcmVtLXZlLXR1cmtpeWUtc296bGVyaS10ZXBraS1jZWt0aS03NTkxNTAxL2FtcC8?hl=tr&gl=TR&ceid=TR%3Atr
80,"Deprem bölgesinde, afet gününden bu yana 4 bin 627 bebek doğdu",news.google.com/./articles/CBMicmh0dHBzOi8vd3d3LnNvemN1LmNvbS50ci8yMDIzL2d1bnVuLWljaW5kZW4vZGVwcmVtLWJvbGdlc2luZGUtYWZldC1ndW51bmRlbi1idS15YW5hLTQtYmluLTYyNy1iZWJlay1kb2dkdS03NTkzODY2L9IBAA?hl=tr&gl=TR&ceid=TR%3Atr
81,Dünya evine girdikleri gün depremde hayatlarını kaybettiler,news.google.com/./articles/CBMiZ2h0dHBzOi8vd3d3Lmh1cnJpeWV0LmNvbS50ci9ndW5kZW0vZHVueWEtZXZpbmUtZ2lyZGlrbGVyaS1ndW4tZGVwcmVtZGUtaGF5YXRsYXJpbmkta2F5YmV0dGlsZXItNDIyMjA4NTTSAWtodHRwczovL3d3dy5odXJyaXlldC5jb20udHIvYW1wL2d1bmRlbS9kdW55YS1ldmluZS1naXJkaWtsZXJpLWd1bi1kZXByZW1kZS1oYXlhdGxhcmluaS1rYXliZXR0aWxlci00MjIyMDg1NA?hl=tr&gl=TR&ceid=TR%3Atr
82,Son dakika: Kahreden tablo! Depremde 50 yakınını kaybetti - Deprem Haberleri,news.google.com/./articles/CBMiWWh0dHBzOi8vd3d3LmhhYmVydHVyay5jb20vc29uLWRha2lrYS1rYWhyZWRlbi10YWJsby1kZXByZW1kZS01MC15YWtpbmluaS1rYXliZXR0aS0zNTY2MjA10gFbaHR0cHM6Ly9tLmhhYmVydHVyay5jb20vc29uLWRha2lrYS1rYWhyZWRlbi10YWJsby1kZXByZW1kZS01MC15YWtpbmluaS1rYXliZXR0aS0zNTY2MjA1LWFtcA?hl=tr&gl=TR&ceid=TR%3Atr
83,"SGK, 'deprem' tedbirlerini açıkladı: 4 başlıkta uygulanacak",news.google.com/./articles/CBMiW2h0dHBzOi8vd3d3LmJpcmd1bi5uZXQvaGFiZXIvc2drLWRlcHJlbS10ZWRiaXJsZXJpbmktYWNpa2xhZGktNC1iYXNsaWt0YS11eWd1bGFuYWNhay00MjE2NjnSAV9odHRwczovL3d3dy5iaXJndW4ubmV0L2FtcC9oYWJlci9zZ2stZGVwcmVtLXRlZGJpcmxlcmluaS1hY2lrbGFkaS00LWJhc2xpa3RhLXV5Z3VsYW5hY2FrLTQyMTY2OQ?hl=tr&gl=TR&ceid=TR%3Atr
84,Meclis Başkanı Şentop: 200 yıllık büyük depremin yıkıcı tesiriyle karşı karşıyayız,news.google.com/./articles/CBMifWh0dHBzOi8vd3d3Lmh1cnJpeWV0LmNvbS50ci9ndW5kZW0vbWVjbGlzLWJhc2thbmktc2VudG9wLTIwMC15aWxsaWstYnV5dWstZGVwcmVtaW4teWlraWNpLXRlc2lyaXlsZS1rYXJzaS1rYXJzaXlheWl6LTQyMjIwODcy0gGBAWh0dHBzOi8vd3d3Lmh1cnJpeWV0LmNvbS50ci9hbXAvZ3VuZGVtL21lY2xpcy1iYXNrYW5pLXNlbnRvcC0yMDAteWlsbGlrLWJ1eXVrLWRlcHJlbWluLXlpa2ljaS10ZXNpcml5bGUta2Fyc2kta2Fyc2l5YXlpei00MjIyMDg3Mg?hl=tr&gl=TR&ceid=TR%3Atr
85,"SON DAKİKA: Gelir İdaresi Başkanlığı: Deprem yardımları vergiden değil, matrahtan düşecek",news.google.com/./articles/CBMiaWh0dHBzOi8vd3d3LnNhYmFoLmNvbS50ci9la29ub21pL2dlbGlyLWlkYXJlc2ktYmFza2FubGlnaW5kYW4tZGVwcmVtLWJhZ2lzbGFyaXlsYS1pbGdpbGktYWNpa2xhbWEtNjM2MTc1NNIBa2h0dHBzOi8vbS5zYWJhaC5jb20udHIvZWtvbm9taS9nZWxpci1pZGFyZXNpLWJhc2thbmxpZ2luZGFuLWRlcHJlbS1iYWdpc2xhcml5bGEtaWxnaWxpLWFjaWtsYW1hLTYzNjE3NTQvYW1w?hl=tr&gl=TR&ceid=TR%3Atr
86,Deprem bölgesinde görevli doktor: Gölcük depreminde de ailem enkaz altındaydı,news.google.com/./articles/CBMiemh0dHBzOi8vd3d3LnNvemN1LmNvbS50ci8yMDIzL3NhZ2xpay9kZXByZW0tYm9sZ2VzaW5kZS1nb3JldmxpLWRva3Rvci1nb2xjdWstZGVwcmVtaW5kZS1kZS1haWxlbS1lbmthei1hbHRpbmRheWRpLTc1OTM5MzAv0gF-aHR0cHM6Ly93d3cuc296Y3UuY29tLnRyLzIwMjMvc2FnbGlrL2RlcHJlbS1ib2xnZXNpbmRlLWdvcmV2bGktZG9rdG9yLWdvbGN1ay1kZXByZW1pbmRlLWRlLWFpbGVtLWVua2F6LWFsdGluZGF5ZGktNzU5MzkzMC9hbXAv?hl=tr&gl=TR&ceid=TR%3Atr
87,Deprem sonrası enkazda doğan ‘mucize bebek’ için güvenlik seferberliği,news.google.com/./articles/CBMicWh0dHBzOi8vd3d3LnNvemN1LmNvbS50ci8yMDIzL2R1bnlhL2RlcHJlbS1zb25yYXNpLWVua2F6ZGEtZG9nYW4tbXVjaXplLWJlYmVrLWljaW4tZ3V2ZW5saWstc2VmZXJiZXJsaWdpLTc1OTI3NTQv0gF1aHR0cHM6Ly93d3cuc296Y3UuY29tLnRyLzIwMjMvZHVueWEvZGVwcmVtLXNvbnJhc2ktZW5rYXpkYS1kb2dhbi1tdWNpemUtYmViZWstaWNpbi1ndXZlbmxpay1zZWZlcmJlcmxpZ2ktNzU5Mjc1NC9hbXAv?hl=tr&gl=TR&ceid=TR%3Atr
88,DEPREM SON DAKİKA Haberi: Kahramanmaraş deprem ölü sayısı kaç oldu? 15 Şubat AFAD açıklaması ile depremde vefat sayısı kaç ve kaç bina yıkıldı?,news.google.com/./articles/CBMilAFodHRwczovL3d3dy5zYWJhaC5jb20udHIvZ2FsZXJpL3lhc2FtL2RlcHJlbS1zb24tZGFraWthLWthaHJhbWFubWFyYXMtZGVwcmVtLW9sdS1zYXlpc2kteXVrc2VsaXlvci1idXl1ay1kZXByZW1kZS12ZWZhdC1zYXlpc2kta2FjLW9sZHUtYWZhZC1kdXl1cmR10gGWAWh0dHBzOi8vbS5zYWJhaC5jb20udHIvZ2FsZXJpL3lhc2FtL2RlcHJlbS1zb24tZGFraWthLWthaHJhbWFubWFyYXMtZGVwcmVtLW9sdS1zYXlpc2kteXVrc2VsaXlvci1idXl1ay1kZXByZW1kZS12ZWZhdC1zYXlpc2kta2FjLW9sZHUtYWZhZC1kdXl1cmR1L2FtcA?hl=tr&gl=TR&ceid=TR%3Atr
89,"Malatya'da 4,7 büyüklüğünde deprem",news.google.com/./articles/CBMiRmh0dHBzOi8vd3d3LmJpcmd1bi5uZXQvaGFiZXIvbWFsYXR5YS1kYS00LTctYnV5dWtsdWd1bmRlLWRlcHJlbS00MjE3MTDSAUpodHRwczovL3d3dy5iaXJndW4ubmV0L2FtcC9oYWJlci9tYWxhdHlhLWRhLTQtNy1idXl1a2x1Z3VuZGUtZGVwcmVtLTQyMTcxMA?hl=tr&gl=TR&ceid=TR%3Atr
90,Kahramanmaraş'ta Ebrar Sitesi'nden can kaybı 250'yi aştı! 'Deprem bitmeden binalar yıkılmaya başlamıştı',news.google.com/./articles/CBMijgFodHRwczovL3d3dy5odXJyaXlldC5jb20udHIvZ3VuZGVtL2thaHJhbWFubWFyYXN0YS1lYnJhci1zaXRlc2luZGVuLWNhbi1rYXliaS0yNTB5aS1hc3RpLWRlcHJlbS1iaXRtZWRlbi1iaW5hbGFyLXlpa2lsbWF5YS1iYXNsYW1pc3RpLTQyMjIwNjcx0gGSAWh0dHBzOi8vd3d3Lmh1cnJpeWV0LmNvbS50ci9hbXAvZ3VuZGVtL2thaHJhbWFubWFyYXN0YS1lYnJhci1zaXRlc2luZGVuLWNhbi1rYXliaS0yNTB5aS1hc3RpLWRlcHJlbS1iaXRtZWRlbi1iaW5hbGFyLXlpa2lsbWF5YS1iYXNsYW1pc3RpLTQyMjIwNjcx?hl=tr&gl=TR&ceid=TR%3Atr
91,"Deprem bölgesinden kaldırılan molozlar nereye atılıyor, kim karar veriyor?",news.google.com/./articles/CBMiMGh0dHBzOi8vd3d3LmJiYy5jb20vdHVya2NlL2FydGljbGVzL2N3MGVyMnAzOXdlb9IBNGh0dHBzOi8vd3d3LmJiYy5jb20vdHVya2NlL2FydGljbGVzL2N3MGVyMnAzOXdlby5hbXA?hl=tr&gl=TR&ceid=TR%3Atr
92,Turizm şirketinden skandal Türkiye yorumu: Deprem yüzünden…,news.google.com/./articles/CBMiZmh0dHBzOi8vd3d3LnNvemN1LmNvbS50ci8yMDIzL2R1bnlhL3R1cml6bS1zaXJrZXRpbmRlbi1za2FuZGFsLXR1cmtpeWUteW9ydW11LWRlcHJlbS15dXp1bmRlbi03NTkxMDYyL9IBamh0dHBzOi8vd3d3LnNvemN1LmNvbS50ci8yMDIzL2R1bnlhL3R1cml6bS1zaXJrZXRpbmRlbi1za2FuZGFsLXR1cmtpeWUteW9ydW11LWRlcHJlbS15dXp1bmRlbi03NTkxMDYyL2FtcC8?hl=tr&gl=TR&ceid=TR%3Atr
93,Deprem sonrası hastane bahçesinde yarıklar oluştu,news.google.com/./articles/CBMiXWh0dHBzOi8vd3d3Lmh1cnJpeWV0LmNvbS50ci9ndW5kZW0vZGVwcmVtLXNvbnJhc2ktaGFzdGFuZS1iYWhjZXNpbmRlLXlhcmlrbGFyLW9sdXN0dS00MjIyMDkzM9IBYWh0dHBzOi8vd3d3Lmh1cnJpeWV0LmNvbS50ci9hbXAvZ3VuZGVtL2RlcHJlbS1zb25yYXNpLWhhc3RhbmUtYmFoY2VzaW5kZS15YXJpa2xhci1vbHVzdHUtNDIyMjA5MzM?hl=tr&gl=TR&ceid=TR%3Atr
94,SON DAKİKA DEPREM | Ölü ve yaralı sayısı kaç oldu 15 Şubat? - Kahramanmaraş depreminde 10. gün son dakika haberleri,news.google.com/./articles/CBMinAFodHRwczovL3d3dy5mb3RvbWFjLmNvbS50ci9oYWJlcmxlci8yMDIzLzAyLzE1L3Nvbi1kYWtpa2EtZGVwcmVtLW9sdS12ZS15YXJhbGktc2F5aXNpLWthYy1vbGR1LTE1LXN1YmF0LWthaHJhbWFubWFyYXMtZGVwcmVtaW5kZS0xMC1ndW4tc29uLWRha2lrYS1oYWJlcmxlcmnSAaABaHR0cHM6Ly93d3cuZm90b21hYy5jb20udHIvaGFiZXJsZXIvMjAyMy8wMi8xNS9zb24tZGFraWthLWRlcHJlbS1vbHUtdmUteWFyYWxpLXNheWlzaS1rYWMtb2xkdS0xNS1zdWJhdC1rYWhyYW1hbm1hcmFzLWRlcHJlbWluZGUtMTAtZ3VuLXNvbi1kYWtpa2EtaGFiZXJsZXJpL2FtcA?hl=tr&gl=TR&ceid=TR%3Atr
95,Deprem bölgesi için doğalgaz açıklaması,news.google.com/./articles/CBMiVWh0dHBzOi8vd3d3LnNvemN1LmNvbS50ci8yMDIzL2d1bmRlbS9kZXByZW0tYm9sZ2VzaS1pY2luLWRvZ2FsZ2F6LWFjaWtsYW1hc2ktNzU5MzE2NS_SAVlodHRwczovL3d3dy5zb3pjdS5jb20udHIvMjAyMy9ndW5kZW0vZGVwcmVtLWJvbGdlc2ktaWNpbi1kb2dhbGdhei1hY2lrbGFtYXNpLTc1OTMxNjUvYW1wLw?hl=tr&gl=TR&ceid=TR%3Atr
96,Hatay'ın deprem öncesi ve sonrası görüntüleri ortaya çıktı,news.google.com/./articles/CBMiZ2h0dHBzOi8vd3d3LmN1bWh1cml5ZXQuY29tLnRyL3R1cmtpeWUvaGF0YXlpbi1kZXByZW0tb25jZXNpLXZlLXNvbnJhc2ktZ29ydW50dWxlcmktb3J0YXlhLWNpa3RpLTIwNTIzNTDSAQA?hl=tr&gl=TR&ceid=TR%3Atr
97,"Tabak bile kırılmayan binanın müteahhidi konuştu: Her şeyi kuralına göre yaptım, deprem değil bina öldürüyor",news.google.com/./articles/CBMiiwFodHRwczovL3QyNC5jb20udHIvaGFiZXIvdGFiYWstYmlsZS1raXJpbG1heWFuLWJpbmFuaW4tbXV0ZWFoaGlkaS1rb251c3R1LWhlci1zZXlpLWt1cmFsaW5hLWdvcmUteWFwdGltLWRlcHJlbS1kZWdpbC1iaW5hLW9sZHVydXlvciwxMDkyNjI00gGPAWh0dHBzOi8vdDI0LmNvbS50ci9hbXAvaGFiZXIvdGFiYWstYmlsZS1raXJpbG1heWFuLWJpbmFuaW4tbXV0ZWFoaGlkaS1rb251c3R1LWhlci1zZXlpLWt1cmFsaW5hLWdvcmUteWFwdGltLWRlcHJlbS1kZWdpbC1iaW5hLW9sZHVydXlvciwxMDkyNjI0?hl=tr&gl=TR&ceid=TR%3Atr
98,CHP’li vekilden ‘deprem göçü’ uyarısı,news.google.com/./articles/CBMiUGh0dHBzOi8vd3d3LnNvemN1LmNvbS50ci8yMDIzL2d1bmRlbS9jaHBsaS12ZWtpbGRlbi1kZXByZW0tZ29jdS11eWFyaXNpLTc1OTM5NDEv0gFUaHR0cHM6Ly93d3cuc296Y3UuY29tLnRyLzIwMjMvZ3VuZGVtL2NocGxpLXZla2lsZGVuLWRlcHJlbS1nb2N1LXV5YXJpc2ktNzU5Mzk0MS9hbXAv?hl=tr&gl=TR&ceid=TR%3Atr
99,Deprem sonrası uluslararası yardımlar ve işbirliği Türk diplomasisini nasıl etkileyecek?,news.google.com/./articles/CBMiMGh0dHBzOi8vd3d3LmJiYy5jb20vdHVya2NlL2FydGljbGVzL2MzZ25uOGVwemc4b9IBNGh0dHBzOi8vd3d3LmJiYy5jb20vdHVya2NlL2FydGljbGVzL2MzZ25uOGVwemc4by5hbXA?hl=tr&gl=TR&ceid=TR%3Atr
100,Süleyman Soylu’nun 2019’da koordine ettiği deprem tatbikatının yapıldığı otelin yıkıldığı iddiası,news.google.com/./articles/CBMieGh0dHBzOi8vdGV5aXQub3JnL2FuYWxpei1zdWxleW1hbi1zb3lsdW51bi0yMDE5ZGEta29vcmRpbmUtZXR0aWdpLWRlcHJlbS10YXRiaWthdGluaW4teWFwaWxkaWdpLW90ZWxpbi15aWtpbGRpZ2ktaWRkaWFzadIBAA?hl=tr&gl=TR&ceid=TR%3Atr
101,Deprem yardımları vergiden düşecek mi? GİB'den son dakika açıklama: AFAD-Kızılay deprem yardımı vergiden...,news.google.com/./articles/CBMijwFodHRwczovL3d3dy5oYWJlcnR1cmsuY29tL2RlcHJlbS15YXJkaW1sYXJpLXZlcmdpZGVuLWR1c2VjZWstbWktZ2liLWRlbi1hY2lrbGFtYS1nZWxkaS1hZmFkLWtpemlsYXktZGVwcmVtLXlhcmRpbWxhcmktdmVyZ2lkZW4tZHVzZXItbWktMzU2NjE5NdIBkQFodHRwczovL20uaGFiZXJ0dXJrLmNvbS9kZXByZW0teWFyZGltbGFyaS12ZXJnaWRlbi1kdXNlY2VrLW1pLWdpYi1kZW4tYWNpa2xhbWEtZ2VsZGktYWZhZC1raXppbGF5LWRlcHJlbS15YXJkaW1sYXJpLXZlcmdpZGVuLWR1c2VyLW1pLTM1NjYxOTUtYW1w?hl=tr&gl=TR&ceid=TR%3Atr
102,BÜYÜK AFET 11. GÜN || Depremde can kaybı ve yaralı sayısı son durumu AFAD açıkladı! 16 Şubat depremde can kaybı ve yaralı sayısı kaç oldu?,news.google.com/./articles/CBMirAFodHRwczovL3d3dy5taWxsaXlldC5jb20udHIvZ2FsZXJpL2RlcHJlbS1jYW4ta2F5YmktdmUteWFyYWxpLXNheWlzaS1zb24tZGFraWthLWthYy1vbGR1LWthaHJhbWFubWFyYXMtbWVya2V6bGktZGVwcmVtbGVyZGUtY2FuLWtheWJpLXZlLXlhcmFsaS1zYXlpc2kta2FjYS15dWtzZWxkaS02OTAzNDAw0gGwAWh0dHBzOi8vd3d3Lm1pbGxpeWV0LmNvbS50ci9hbXAvZ2FsZXJpL2RlcHJlbS1jYW4ta2F5YmktdmUteWFyYWxpLXNheWlzaS1zb24tZGFraWthLWthYy1vbGR1LWthaHJhbWFubWFyYXMtbWVya2V6bGktZGVwcmVtbGVyZGUtY2FuLWtheWJpLXZlLXlhcmFsaS1zYXlpc2kta2FjYS15dWtzZWxkaS02OTAzNDAw?hl=tr&gl=TR&ceid=TR%3Atr
103,Deprem felaketi sonrası Türkiye’nin yanında olan Bella Hadid’in paylaştığı mektup hüzne boğdu! Depremde en iyi arkadaşlarımdan birini kaybettim,news.google.com/./articles/CBMitAFodHRwczovL3d3dy5zYWJhaC5jb20udHIvZ2FsZXJpL21hZ2F6aW4vZGVwcmVtLWZlbGFrZXRpLXNvbnJhc2ktdHVya2l5ZW5pbi15YW5pbmRhLW9sYW4tYmVsbGEtaGFkaWRpbi1wYXlsYXN0aWdpLW1la3R1cC1odXpuZS1ib2dkdS1kZXByZW1kZS1lbi1peWktYXJrYWRhc2xhcmltZGFuLWJpcmluaS1rYXliZXR0aW3SAbYBaHR0cHM6Ly9tLnNhYmFoLmNvbS50ci9nYWxlcmkvbWFnYXppbi9kZXByZW0tZmVsYWtldGktc29ucmFzaS10dXJraXllbmluLXlhbmluZGEtb2xhbi1iZWxsYS1oYWRpZGluLXBheWxhc3RpZ2ktbWVrdHVwLWh1em5lLWJvZ2R1LWRlcHJlbWRlLWVuLWl5aS1hcmthZGFzbGFyaW1kYW4tYmlyaW5pLWtheWJldHRpbS9hbXA?hl=tr&gl=TR&ceid=TR%3Atr
104,Hindistan’da yeraltından gelen tuhaf sesler deprem paniğine yol açtı,news.google.com/./articles/CBMicGh0dHBzOi8vd3d3LnNvemN1LmNvbS50ci8yMDIzL2R1bnlhL2hpbmRpc3RhbmRhLXllcmFsdGluZGFuLWdlbGVuLXR1aGFmLXNlc2xlci1kZXByZW0tcGFuaWdpbmUteW9sLWFjdGktNzU5MzIwMy_SAXRodHRwczovL3d3dy5zb3pjdS5jb20udHIvMjAyMy9kdW55YS9oaW5kaXN0YW5kYS15ZXJhbHRpbmRhbi1nZWxlbi10dWhhZi1zZXNsZXItZGVwcmVtLXBhbmlnaW5lLXlvbC1hY3RpLTc1OTMyMDMvYW1wLw?hl=tr&gl=TR&ceid=TR%3Atr
105,'Binamız sosyal medyaya düşmüş' Çok tartışılan binanın müteahhidi: Kesinlikle deprem yönetmeliğine uygun,news.google.com/./articles/CBMiiAFodHRwczovL3d3dy5teW5ldC5jb20vYmluYW1pei1zb3N5YWwtbWVkeWF5YS1kdXNtdXMtY29rLXRhcnRpc2lsYW4tYmluYW5pbi1tdXRlYWhoaWRpLWtlc2lubGlrbGUtZGVwcmVtLXlvbmV0bWVsaWdpbmUtdXlndW4tMTEwMTA3MDk3NTk20gGMAWh0dHBzOi8vd3d3Lm15bmV0LmNvbS9hbXAvYmluYW1pei1zb3N5YWwtbWVkeWF5YS1kdXNtdXMtY29rLXRhcnRpc2lsYW4tYmluYW5pbi1tdXRlYWhoaWRpLWtlc2lubGlrbGUtZGVwcmVtLXlvbmV0bWVsaWdpbmUtdXlndW4tMTEwMTA3MDk3NTk2?hl=tr&gl=TR&ceid=TR%3Atr
106,Bakan Kurum: Deprem bölgesinde 577 bin 689 bina incelendi,news.google.com/./articles/CBMiaGh0dHBzOi8vd3d3LmFhLmNvbS50ci90ci9hc3Jpbi1mZWxha2V0aS9iYWthbi1rdXJ1bS1kZXByZW0tYm9sZ2VzaW5kZS01NzctYmluLTY4OS1iaW5hLWluY2VsZW5kaS8yODIyMjI30gEA?hl=tr&gl=TR&ceid=TR%3Atr
107,Kayseri'de deprem sonrası 73 ağır hasarlı yer tespit edildi,news.google.com/./articles/CBMiZmh0dHBzOi8vd3d3Lmh1cnJpeWV0LmNvbS50ci9ndW5kZW0va2F5c2VyaWRlLWRlcHJlbS1zb25yYXNpLTczLWFnaXItaGFzYXJsaS15ZXItdGVzcGl0LWVkaWxkaS00MjIyMDk4NdIBamh0dHBzOi8vd3d3Lmh1cnJpeWV0LmNvbS50ci9hbXAvZ3VuZGVtL2theXNlcmlkZS1kZXByZW0tc29ucmFzaS03My1hZ2lyLWhhc2FybGkteWVyLXRlc3BpdC1lZGlsZGktNDIyMjA5ODU?hl=tr&gl=TR&ceid=TR%3Atr
108,Deprem soruşturmaları: Dört ilde 34 tutuklama,news.google.com/./articles/CBMiYGh0dHBzOi8vd3d3Lm50di5jb20udHIvdHVya2l5ZS9kZXByZW0tc29ydXN0dXJtYWxhcmlkb3J0aWxkZS0zMC10dXR1a2xhbWEseF96V0hkOFBZa2EybEY3dmFfbjNzZ9IBZGh0dHBzOi8vd3d3Lm50di5jb20udHIvYW1wL3R1cmtpeWUvZGVwcmVtLXNvcnVzdHVybWFsYXJpZG9ydGlsZGUtMzAtdHV0dWtsYW1hLHhfeldIZDhQWWthMmxGN3ZhX24zc2c?hl=tr&gl=TR&ceid=TR%3Atr
109,Son dakika... AFAD açıkladı... Deprem felaketinde 36 bin 187 can kaybı! Deprem bölgesinden dakika dakika anlık bilgiler,news.google.com/./articles/CBMibGh0dHBzOi8vd3d3Lmh1cnJpeWV0LmNvbS50ci9ndW5kZW0vc29uLWRha2lrYS1hZmFkLWFjaWtsYWRpLWRlcHJlbS1mZWxha2V0aW5kZS0zNi1iaW4tMTg3LWNhbi1rYXliaS00MjIyMDcxNtIBcGh0dHBzOi8vd3d3Lmh1cnJpeWV0LmNvbS50ci9hbXAvZ3VuZGVtL3Nvbi1kYWtpa2EtYWZhZC1hY2lrbGFkaS1kZXByZW0tZmVsYWtldGluZGUtMzYtYmluLTE4Ny1jYW4ta2F5YmktNDIyMjA3MTY?hl=tr&gl=TR&ceid=TR%3Atr
